{
  "timestamp": 1770239235.71865,
  "epochs": 50,
  "final_metrics": {
    "mean_improvement": 0.05001431130276223,
    "tier_distribution": {
      "medium": 1.0
    }
  },
  "improvement_history": [
    0.045528105610038234,
    0.049867565291416886,
    0.056272484471469084,
    0.050464092551633644,
    0.045149974505904376,
    0.04553696222944725,
    0.051372331718982776,
    0.046418413176604896,
    0.05735749560582584,
    0.04893954200829583,
    0.05636597049905826,
    0.03891475946490444,
    0.05420545639952916,
    0.0537402648967535,
    0.04463710426136812,
    0.04642961435917402,
    0.04846152529306805,
    0.052475526140145654,
    0.05550105621461873,
    0.05616914378434118,
    0.05128695689569282,
    0.0517134890530176,
    0.051768181499742515,
    0.05007629263124748,
    0.047128989744292575,
    0.03908158268827745,
    0.051768362192394196,
    0.04684218177579844,
    0.04978343052774534,
    0.050793087446759796,
    0.0413648812876066,
    0.05555837192012376,
    0.05130914418818125,
    0.05776690634870181,
    0.04237765924882489,
    0.05397649642359663,
    0.05570616547881259,
    0.04913709510035567,
    0.05055746292287096,
    0.05241307897629931,
    0.05228247196350152,
    0.04264803641526414,
    0.04952745479547004,
    0.05235868470964005,
    0.05068598076206985,
    0.05132343289589172,
    0.05383804652821642,
    0.0493479613324664,
    0.04996241298763824,
    0.04452387791503137
  ],
  "status": "SUCCESS"
}